{"n": 26491, "class": "semiprime", "primes": [59, 449], "normalized": {"f1": 0.9808212133734219, "f2": 0.01508028553956928, "f3": 0.004098501087008982}, "balance": 2.3961578849411223, "bit_gap": 3, "sig_geom": "010dc8e575bd250217fde2aeeb3492e236217013d008df19554d01eff3f8d327", "sig_invariant": "7e356a2cd82dc7da5af2b4a4bed46b42c9de33bdd5beba2bcfc0990785eb93ee"}