{"n": 719634078791623, "class": "semiprime", "primes": [10222403, 70397741], "normalized": {"f1": 0.9999998863654459, "f2": 9.942936913423107e-08, "f3": 1.4205184889053269e-08}, "balance": 2.2431725283388557, "bit_gap": 3, "sig_geom": "09826d6ba60f0457cc5d43ad039724a16efa73e54215954138afcaf14c656764", "sig_invariant": "c93cc771c2fdecf7cc3ebe5f2e139de3a66d4efb3863a005fd28b1b6ca76553d"}