{"n": 1814161187, "class": "semiprime", "primes": [32687, 55501], "normalized": {"f1": 0.999939829358455, "f2": 4.212704375206569e-05, "f3": 1.8043597792866962e-05}, "balance": 0.5356282835312398, "bit_gap": 1, "sig_geom": "0af186ff3b85e2179adbbbe1ef2dce58adb6c7e1e58895205af5795d63b0b21a", "sig_invariant": "9c166a84553b7500a0d7fa98d6af21f05ddcb9f364ffbcc35d46713944c25027"}