{"n": 38843743, "class": "semiprime", "primes": [4987, 7789], "normalized": {"f1": 0.9996678192652161, "f2": 0.00020312223004435664, "f3": 0.00012905850473947378}, "balance": 0.44958063347744953, "bit_gap": 0, "sig_geom": "0e2aa00bd76d173249ad83831fe1ae589d683e715f067a6c83c83247ea5a0550", "sig_invariant": "c451acf4202c0b822fd31d8b898f25d513005fe29fc1c17295b3e5dc38511275"}