{"n": 1995599, "class": "semiprime", "primes": [331, 6029], "normalized": {"f1": 0.9968900013046096, "f2": 0.0029397525177663852, "f3": 0.00017024617762403151}, "balance": 4.033534779930304, "bit_gap": 4, "sig_geom": "17efc6a4814e4503514d8cd5ec7826bf62bf2a3a75dfc7523f4b583ce277f3c5", "sig_invariant": "257eb6a176b83165be569471006d74572f6cb6997ad60d4c53c838a73658570b"}