{"n": 540161, "class": "semiprime", "primes": [727, 743], "normalized": {"f1": 0.9982687202484736, "f2": 0.0003900045127639586, "f3": 0.001341275238762376}, "balance": 0.021769997057780845, "bit_gap": 0, "sig_geom": "214ae584e8573de740c8153c621737de6ffdd9df22e1449f71078c106eefdd0b", "sig_invariant": "df5764b2f39882375fbe1c0c6aedde693c680e4ece18192e16aaed0a0284e15b"}