{"n": 265651, "class": "semiprime", "primes": [421, 631], "normalized": {"f1": 0.9941894882614347, "f2": 0.0040877579766307156, "f3": 0.0017227537619346736}, "balance": 0.4074399099604389, "bit_gap": 1, "sig_geom": "25ea544a390efc200836c484edeaf40a4f0384cd68a3c5b7e2950412961020e0", "sig_invariant": "f29cd3c3804c585f0335ff9e811c4408065340126fb5709888975c1de48e413c"}