{"n": 1343, "class": "semiprime", "primes": [17, 79], "normalized": {"f1": 0.9049543254973841, "f2": 0.07864434617945519, "f3": 0.016401328323160845}, "balance": 1.6918181630858362, "bit_gap": 2, "sig_geom": "3043204bfec909938dcbca93880850e78c3367cdbf7930e0a434ba6cfff1c48e", "sig_invariant": "9018ca4b827c70845dcd651ed3bc645808fd304fd46d653c4b3466308acc5550"}