{"n": 35545183696961, "class": "semiprime", "primes": [3843121, 9249041], "normalized": {"f1": 0.9999995495058369, "f2": 3.423719839030849e-07, "f3": 1.0812217909618468e-07}, "balance": 0.906732605530049, "bit_gap": 2, "sig_geom": "3273296af1f79603984a58c090b3f79d9f97ab734832dd8ea24ba1fec62e948b", "sig_invariant": "6e99a124d11c3641b86fd8c6c917a58cfce6cb4ade2c16589c915528eae632c0"}