{"n": 50269572751829, "class": "semiprime", "primes": [6244451, 8050279], "normalized": {"f1": 0.9999997249791426, "f2": 1.5079976428487178e-07, "f3": 1.2422109320330856e-07}, "balance": 0.25469697419748133, "bit_gap": 0, "sig_geom": "32b506d5b33162f70005c1d74e9ac66d2ea394bd470cc4621436ca751b852d71", "sig_invariant": "113ea8d3e76443287cd5d67610339fbf60a398a943b1e2fdc8a29a07433007f7"}