{"n": 90889, "class": "semiprime", "primes": [97, 937], "normalized": {"f1": 0.9860870107769955, "f2": 0.011824891104968307, "f3": 0.002088098118036158}, "balance": 2.7862727240469662, "bit_gap": 3, "sig_geom": "36ad1859c4c8901095fd746a3d734a2a394782a276ab2a868174abb09df06da0", "sig_invariant": "d7cc08824611bce880eb6c181b6d5a5a42fea7a490950d33b8dbb447ed443f54"}