{"n": 233713663, "class": "semiprime", "primes": [13799, 16937], "normalized": {"f1": 0.9998447138801784, "f2": 9.582010146636995e-05, "f3": 5.94660183551151e-05}, "balance": 0.20526310216630606, "bit_gap": 1, "sig_geom": "3b1e08a2a6634aa087e8d6f18ea59ca9a7e7da0f532fed42daba13302e21362b", "sig_invariant": "605c75a1173a7b7052af6395090d5e2c1e50724431a22d04d527f6f06f6c4753"}