{"n": 51, "class": "semiprime", "primes": [3, 17], "normalized": {"f1": 0.7143901802318341, "f2": 0.25167317087662866, "f3": 0.03393664889153731}, "balance": 1.9603921176392136, "bit_gap": 3, "sig_geom": "3ee6939f537d47efdfee9a54a7260c1037af60fa87d5491bd8698e60c7c369f4", "sig_invariant": "fb5d35c56185783e04896cbee05092053537c6bfa13bfc74431cab14b8ec8815"}