{"n": 909035678606910641359, "class": "semiprime", "primes": [152698361, 5953146272519], "normalized": {"f1": 0.9999999934508587, "f2": 6.548973295437156e-09, "f3": 1.6797841864118382e-13}, "balance": 197.44445846403877, "bit_gap": 15, "sig_geom": "4a1e41bc8723b0b946158faf1f72a9d0676abc347211a638e56a5a1ea7d8801d", "sig_invariant": "9acbffce5e8c6a500716924eac0a0d46407d5f592b2ec4fd87d155565cc4e77a"}