{"n": 6733175964857569, "class": "semiprime", "primes": [75848813, 88771013], "normalized": {"f1": 0.9999999868158744, "f2": 1.9191834341803485e-09, "f3": 1.1264942115015982e-08}, "balance": 0.15748038802441613, "bit_gap": 0, "sig_geom": "4e3747ce903733fef2b3ebd959005796a0b66abc44b045265105e87a66bfe853", "sig_invariant": "5bcb8fb3e8b7056c7ef7652bd5463639e277ac708ca7e97988af801045536021"}