{"n": 60686708811843653303, "class": "semiprime", "primes": [22727, 2670247230687889], "normalized": {"f1": 0.9999560017025586, "f2": 4.399829744117316e-05, "f3": 3.7481409828566604e-16}, "balance": 342771.4808086049, "bit_gap": 37, "sig_geom": "535f20c9f427aec1bd8ca82d503594cb12e5d3d87420295e407f931285abf06c", "sig_invariant": "c963331e4e697246ed8d94ef471d89deebe92636cbcae0dfcfd1bc9921d5955a"}