{"n": 251050157, "class": "semiprime", "primes": [7151, 35107], "normalized": {"f1": 0.999818938595555, "f2": 0.0001524819659242552, "f3": 2.8579438520658346e-05}, "balance": 1.7643907941598458, "bit_gap": 3, "sig_geom": "57e3f8822eeaeb8a9f5b272636c8e790084e6a8c4c29f414b14deafa4354c688", "sig_invariant": "ab7a1d731ed1a900e525f21654605ae130bdd23d6087e8c0b534a81cffad1f87"}