{"n": 5141, "class": "semiprime", "primes": [53, 97], "normalized": {"f1": 0.9591835947812983, "f2": 0.021951617728842264, "f3": 0.0188647874898594}, "balance": 0.6136614961219277, "bit_gap": 1, "sig_geom": "57f4ebf0aa5f15e4c2ac7c40e20a99a3e8fbffcfe2d9edc02a2a4640a2ca8103", "sig_invariant": "3c6bd3c011df84d75764419daac04ce55d1ebe7541b246b1a43b78017b8e02bd"}