{"n": 3337, "class": "semiprime", "primes": [47, 71], "normalized": {"f1": 0.9575522824312539, "f2": 0.017110153008982196, "f3": 0.025337564559763784}, "balance": 0.4154637515575287, "bit_gap": 1, "sig_geom": "583755f03e48c6f88508d427e8deef7cafd48cb14750e8f38e50025979a174b8", "sig_invariant": "d98099bcc1cef379535014c29b25d75afc816f1256a6b597b0ba71be11743f6b"}