{"n": 553, "class": "semiprime", "primes": [7, 79], "normalized": {"f1": 0.8131649204988314, "f2": 0.1748075029921299, "f3": 0.012027576509038726}, "balance": 3.0617514400504486, "bit_gap": 4, "sig_geom": "68505781acdbd5377f7df297b7c47f11d1f3f775e492187ccbb919ae73113e83", "sig_invariant": "d4fb956bd39a4c34471157c53996ebfebb6c4daec6f8dddfed7d606dcfae14f6"}