{"n": 10, "class": "semiprime", "primes": [2, 5], "normalized": {"f1": 0.5640020942594801, "f2": 0.32825143620105607, "f3": 0.1077464695394639}, "balance": 0.9486832980505138, "bit_gap": 1, "sig_geom": "6a3a7b7f30281cafdbe215730de5793b84ee275cf56c7c7cba5baf6fda3e0612", "sig_invariant": "17868f2120bde90a12ef3d8cc3dc8a87cd23252fce48a0cd1bf61b4369a58429"}