{"n": 30461, "class": "semiprime", "primes": [83, 367], "normalized": {"f1": 0.9814667036136469, "f2": 0.013363761673109743, "f3": 0.005169534713243479}, "balance": 1.6272199559786287, "bit_gap": 2, "sig_geom": "76e94c75a371b5eb4d1bc6e21e293cecc5b95562ee44fe8f015046b6ecf9eac7", "sig_invariant": "6f7882d330a84e937769b02af0e8ef223d1fa199e34cb39271b098e389d0a5c3"}