{"n": 90029, "class": "semiprime", "primes": [197, 457], "normalized": {"f1": 0.9895913793047721, "f2": 0.0066857896237834365, "f3": 0.003722831071444387}, "balance": 0.8665270707718059, "bit_gap": 1, "sig_geom": "7710a0061e42ae8a8a3f3acd5b4f783e3e92923e662baaecb3582fe256e4fd90", "sig_invariant": "ddfe51f6b78c6e3b713e1eea950112d9c8d2f50cebe62797e6de84ca5e92176c"}