{"n": 3494173273, "class": "semiprime", "primes": [58313, 59921], "normalized": {"f1": 0.9999520262869923, "f2": 3.1286143988357274e-05, "f3": 1.6687569019274527e-05}, "balance": 0.027202813602317178, "bit_gap": 0, "sig_geom": "7b1e8085876dedf703857615ffa0b1f14a6345398450e2070124814395ef8cd8", "sig_invariant": "e416f0da82a72e8f9fe743cdec5d4ace030475507188cd78dfeb1aed07ef424b"}