{"n": 198171663931, "class": "semiprime", "primes": [425189, 466079], "normalized": {"f1": 0.9999938191999408, "f2": 4.0352210947777325e-06, "f3": 2.1455789644900147e-06}, "balance": 0.09185363181098517, "bit_gap": 0, "sig_geom": "7b4e396cf37b7192827d8148ad7a8abc814731c1923dc1bd126dc67e5fd3bb0f", "sig_invariant": "69c2287f732e6280077bbc5c500126e699b9a0e323fdd5d213fa8636b5f774f4"}