{"n": 35, "class": "semiprime", "primes": [5, 7], "normalized": {"f1": 0.8393668812344297, "f2": 0.05438265474607908, "f3": 0.10625046401949115}, "balance": 0.3380617018914066, "bit_gap": 0, "sig_geom": "7c2292093308d020bf0cb2946c09a0f55a4228146bbb7a0cbbe54c3c30e4ffd0", "sig_invariant": "22cc70ae7186f52e3114c919d47701491b49d19d243cee5545334c6a17b62f00"}