{"n": 67947833, "class": "semiprime", "primes": [5849, 11617], "normalized": {"f1": 0.9998266061803782, "f2": 8.634432117304447e-05, "f3": 8.704949844872022e-05}, "balance": 0.6997412014499743, "bit_gap": 1, "sig_geom": "8a7e42981a96b70d86882874e5b83fa2e8f3c71d20abfa51624e876d89ecbb2c", "sig_invariant": "d997f60a9b199726eb3e48c1caeb6456af632cf0cd1bc0d1ea71502b267ec5a4"}