{"n": 2807989, "class": "semiprime", "primes": [751, 3739], "normalized": {"f1": 0.9983050324316466, "f2": 0.001424896587369065, "f3": 0.00027007098098437963}, "balance": 1.7831295289586202, "bit_gap": 2, "sig_geom": "9281c93ba0ddaa9bad7b79821659e3ad3b865f37f10d10955e3b8b570d79bfcf", "sig_invariant": "aff5d5fe96325ddfed718de0f1d763b1070ea215a6b9711d93677deb0d72ae74"}