{"n": 7571, "class": "semiprime", "primes": [67, 113], "normalized": {"f1": 0.9672785349438974, "f2": 0.016486574600032045, "f3": 0.01623489045607051}, "balance": 0.5286657906101031, "bit_gap": 0, "sig_geom": "973392493b986f214f6756bf3af0682a969918d71673b6c959449758487e7b7f", "sig_invariant": "4d23af055fdc81841dfcebe96235114c3060018010f466ba2b2f40e208af7d3c"}