{"n": 10478453, "class": "semiprime", "primes": [2539, 4127], "normalized": {"f1": 0.9991728528578684, "f2": 0.0005848378506733893, "f3": 0.00024230929145799173}, "balance": 0.4905710472300371, "bit_gap": 1, "sig_geom": "98e324bc2fc3e5ae6127056afa026b1338a725887d81ff50f2233c836d4a3f41", "sig_invariant": "79ff604f6e5116872ad534a11208dacb0e1762938a9103f921fdb450ba4ddc4d"}