{"n": 619075195919, "class": "semiprime", "primes": [628261, 985379], "normalized": {"f1": 0.999998406782181, "f2": 5.783257841879743e-07, "f3": 1.014892034789474e-06}, "balance": 0.45387894720666105, "bit_gap": 0, "sig_geom": "997fe34e4239ee428887e5109bea4ed8218c49022830d614566101d081853e06", "sig_invariant": "810fc062c433a816e67ce62c0966d3894f42d82d9a1681cac8b0f65d8dde8963"}