{"n": 17947, "class": "semiprime", "primes": [131, 137], "normalized": {"f1": 0.9849830980607683, "f2": 0.001172530769062725, "f3": 0.013844371170168972}, "balance": 0.04478734508319339, "bit_gap": 0, "sig_geom": "9a2a342cb409f88fa2cd2c1532aceac8ef72c6895a1ff1648f6326c0175cf68e", "sig_invariant": "450a1303f016c7adb51f602cdd803cd3f72558f9af1be43c9274627dbc1c4c47"}