{"n": 43037867, "class": "semiprime", "primes": [4889, 8803], "normalized": {"f1": 0.9997391242812855, "f2": 0.0001442552371512593, "f3": 0.00011662048156333349}, "balance": 0.5966167634054991, "bit_gap": 1, "sig_geom": "9e320e2a7a80d7a118f67647995147fbb9639dc5bf96db5094872e2725d25a5f", "sig_invariant": "74d6e3e643e605c8caec0566ac93bddeb2b99881f74851b33066d75c9982b240"}