{"n": 24414977, "class": "semiprime", "primes": [3109, 7853], "normalized": {"f1": 0.9995873477865432, "f2": 0.00028062871626564743, "f3": 0.00013202349719115933}, "balance": 0.9601001125614644, "bit_gap": 1, "sig_geom": "a10c6701b369d9565d50fcf9d350ccea3aef478214f4fae471e417549a827cc0", "sig_invariant": "a2432fb5efe47756843fba98734385c46169c8599b5d69b98cc4b2e212a99ea3"}