{"n": 37578182535227, "class": "semiprime", "primes": [4959277, 7577351], "normalized": {"f1": 0.9999995647517634, "f2": 3.032744318223828e-07, "f3": 1.3197380465121438e-07}, "balance": 0.4270847181842801, "bit_gap": 0, "sig_geom": "a12f767149b2571f54bf05d256a38e0161017e3fc070675bc0863cbaec67d79b", "sig_invariant": "930e61db675688ce2c381982c0d325088e46825f1efb9e2d9ea5b8b550cf53ff"}