{"n": 16669, "class": "semiprime", "primes": [79, 211], "normalized": {"f1": 0.9686860551359692, "f2": 0.022423183304562055, "f3": 0.008890761559468786}, "balance": 1.0223960381807804, "bit_gap": 1, "sig_geom": "a189889d189fabf4650f49169d45105f3d47df68129c26907b3f1b37f4c85f93", "sig_invariant": "d33c89fd885693b39116a968f85d109d0a6c296c93121f9d8ced34f808975edb"}