{"n": 314579389, "class": "semiprime", "primes": [9029, 34841], "normalized": {"f1": 0.9998530183530009, "f2": 0.00011825890297893599, "f3": 2.8722744020395926e-05}, "balance": 1.4553133864454442, "bit_gap": 2, "sig_geom": "a1d93e955906e02402ab9ab04a7da020b54321b1554ff963061fee2adec2d1a0", "sig_invariant": "ea069926c26a9624fcf43fa56d4945a64c84529368b7ad9783bfe8182d20963a"}