{"n": 194, "class": "semiprime", "primes": [2, 97], "normalized": {"f1": 0.6259319605375606, "f2": 0.37084061209992075, "f3": 0.003227427362518683}, "balance": 6.8206025068685125, "bit_gap": 5, "sig_geom": "a2758316a09771bb76e7c967e489cd345a6376f13e0c318c600bd3773e017649", "sig_invariant": "c703a5af7e88b59da256cd4e17bf3a2e8a928e3ad316cf2aac89cbc3b80faa75"}