{"n": 1764656813730289, "class": "semiprime", "primes": [21423161, 82371449], "normalized": {"f1": 0.9999999446392922, "f2": 4.3220547864085e-08, "f3": 1.2140159875772966e-08}, "balance": 1.4508796267093367, "bit_gap": 2, "sig_geom": "aca95eaa02fcf48b8f4b1872ddf0ebc13a90d3befa8dd45b56c4f875ad33ca0c", "sig_invariant": "65accf6dffbea11d70daa9b131acbb32cf0ea2b6ca844915c5b7ece0fe484219"}