{"n": 29597269813, "class": "semiprime", "primes": [163109, 181457], "normalized": {"f1": 0.9999932010529752, "f2": 1.2878026246471016e-06, "f3": 5.511144400145926e-06}, "balance": 0.1066505024073932, "bit_gap": 0, "sig_geom": "b34f55de713e9f48bfc84633806c34e352354cf9ec0e31f7467bf0de9a23bb66", "sig_invariant": "e420c2984a74c6fb125db08fcce708956e657861dd44beb4d98d086d6f2ec5ef"}