{"n": 1591549545154411, "class": "semiprime", "primes": [20071, 79295976541], "normalized": {"f1": 0.9999501789998688, "f2": 4.9820987477275094e-05, "f3": 1.2653783163078613e-11}, "balance": 1987.6547941829028, "bit_gap": 22, "sig_geom": "b52662701e8a6f2f4705ba577c13d652c2e036c454e9e3ff0dc4c1ffa25576bf", "sig_invariant": "cc9788bcae825222d9f737aebb77e690c955e0efa2d9d595265a214310d6d423"}