{"n": 78165910974713, "class": "semiprime", "primes": [8655809, 9030457], "normalized": {"f1": 0.9999997150689051, "f2": 1.74194637503633e-07, "f3": 1.1073645743570228e-07}, "balance": 0.04237548888507655, "bit_gap": 0, "sig_geom": "b7bf7ade92119794536666edcca4020bbd57e277cb041524d0f026e44734f57f", "sig_invariant": "2ac085c294835d3a54a979044c4f31f6357a667ae86f906998d4c954fc8df6fc"}