{"n": 91, "class": "semiprime", "primes": [7, 13], "normalized": {"f1": 0.8894225732898429, "f2": 0.056557366290238394, "f3": 0.05402006041991881}, "balance": 0.628970902033151, "bit_gap": 1, "sig_geom": "ba29c6d600b98fb392aa80a730eea6151fedb7cb4209793dbc7306a1fda4baae", "sig_invariant": "3d2d61a396c66521ddc394f45a4610c9a5a5cb510bdd4c594810ce2e33058b73"}