{"n": 193909, "class": "semiprime", "primes": [211, 919], "normalized": {"f1": 0.9945304614125149, "f2": 0.00368594973451742, "f3": 0.0017835888529677334}, "balance": 1.607808329818125, "bit_gap": 2, "sig_geom": "ba71d9e0d89ee9adeb5d329ef7af4b8394677e27a0bc5b6703c30a5ffc58b55b", "sig_invariant": "954d9f36532e37c87c59d412447e556458f5d0a95e48d4c4521f4b8a24932aa7"}