{"n": 18773416561, "class": "semiprime", "primes": [127529, 147209], "normalized": {"f1": 0.9999814131940559, "f2": 1.1790364859925507e-05, "f3": 6.796441084208997e-06}, "balance": 0.14363273681522926, "bit_gap": 1, "sig_geom": "bd91fe7b30b427d0f3673f5ae87e28837b4374a48b29d735772df2ec7f0a6b39", "sig_invariant": "06d6d47db44eea4d934f52201ecc319e5b838101f28a918da1b7eafb226bae82"}