{"n": 1033698071949581, "class": "semiprime", "primes": [16237069, 63662849], "normalized": {"f1": 0.9999999205543038, "f2": 6.373794783701468e-08, "f3": 1.570774838181404e-08}, "balance": 1.4750869784852547, "bit_gap": 2, "sig_geom": "c137bed6d1a56527877a8d18389d4463447b1445bfe020b64274fb24713ace9b", "sig_invariant": "e9d4d486ed6d3d6527a468aa540855da6ea8a65daa433f792bd138570b362566"}