{"n": 1204067, "class": "semiprime", "primes": [647, 1861], "normalized": {"f1": 0.9974628110844893, "f2": 0.0019574839469890587, "f3": 0.0005797049685217271}, "balance": 1.1063520880307798, "bit_gap": 1, "sig_geom": "cdc90390159754f86c8aeed9976c8e7a996ca5b3fb2ed7227a09c8a2fe118397", "sig_invariant": "649e21ddb59763a9493feb1870c110c1f067dc67497473fa7c35774ba8ea60d6"}