{"n": 22233073, "class": "semiprime", "primes": [3559, 6247], "normalized": {"f1": 0.9994228957820451, "f2": 0.00041632046194114395, "f3": 0.00016078375601383732}, "balance": 0.5700717465930156, "bit_gap": 1, "sig_geom": "d517de33564102dcd96c7e916c01196f336b57d56ab59be531569a10ed0e8a22", "sig_invariant": "86fda7104f8cc33cafdd2854c5d234842b86d5a79397223e468c95e1959245ae"}