{"n": 3232630847, "class": "semiprime", "primes": [32983, 98009], "normalized": {"f1": 0.9999535470320141, "f2": 3.6212690433145435e-05, "f3": 1.0240277552820152e-05}, "balance": 1.1436917366944932, "bit_gap": 1, "sig_geom": "d584aaba2fba0a41681a0f84736ad440c100cdc680cab67fbf92e409dec36a33", "sig_invariant": "d912913127b65aafd85f8ede8e8b6f508bea378a43dc42fc31ec8fc5f3d06f60"}