{"n": 2042168076079267, "class": "semiprime", "primes": [23161319, 88171493], "normalized": {"f1": 0.9999999497448109, "f2": 3.891365626998597e-08, "f3": 1.1341532899080107e-08}, "balance": 1.4385851966442855, "bit_gap": 2, "sig_geom": "d9e7221b2a065f5c3f257c357e47dbf19def95f90f31853506b81cd14d5478cd", "sig_invariant": "db4990b571ba17ee59078792ec85a528379e169f3d33b8b09d74237ea275f2bf"}