{"n": 1394077, "class": "semiprime", "primes": [211, 6607], "normalized": {"f1": 0.995002206587011, "f2": 0.004749577302225425, "f3": 0.00024821611076355094}, "balance": 5.417077813191377, "bit_gap": 5, "sig_geom": "ddf687183137e13ef288ef43bc958ad3c72e5669be8ff009f59bb60a1dd83cad", "sig_invariant": "6e9e2050d33874ab753a7795f1fd3a1f723b657e74e61edac54624cf950982d4"}