{"n": 142, "class": "semiprime", "primes": [2, 71], "normalized": {"f1": 0.6040678176156159, "f2": 0.39116281556824073, "f3": 0.004769366816143436}, "balance": 5.790351372247155, "bit_gap": 5, "sig_geom": "e212990e623a1f01a5600d0ccebed531de752416429f5bf49a03923d7d23ab40", "sig_invariant": "2c893bd165dc71a04b182067a2f251e1a6fc2efaf358b9234d002c516cd9fb44"}