{"n": 95757041, "class": "semiprime", "primes": [2437, 39293], "normalized": {"f1": 0.9995497036011948, "f2": 0.0004242075155764657, "f3": 2.6088883228704927e-05}, "balance": 3.766368773838056, "bit_gap": 4, "sig_geom": "e231d2aad54b8fc7ccb083b301ced4c1a526fcbd3f62fead7e2878fb9056e6d3", "sig_invariant": "b6846cf891251c603a1e0d9da70e685a0096a674dbeed497c7f8ad3e8e987fba"}