{"n": 3351016943, "class": "semiprime", "primes": [51593, 64951], "normalized": {"f1": 0.9999733834328012, "f2": 1.1192095972397608e-05, "f3": 1.5424471226369015e-05}, "balance": 0.2307560664947118, "bit_gap": 0, "sig_geom": "e265ae0b3bf9f70b0ef814046561385e7c40d077cb0c579a2cb37dba058e9f73", "sig_invariant": "c339b7cadfb940c1740d5a623ae92d7e02896b1d59e2a2b6def1656c4aa3c7b3"}