{"n": 305887, "class": "semiprime", "primes": [499, 613], "normalized": {"f1": 0.9947319577387622, "f2": 0.003235865740792353, "f3": 0.002032176520445498}, "balance": 0.20612199691522712, "bit_gap": 1, "sig_geom": "e7901d8da51fa32ea44540eff49430a144064c5f39267538b53a7470d3fd01be", "sig_invariant": "54cf17b0a1b346a59263490e7d8e41c61ffed9bf33ab88c79010d4b9681cd599"}