{"n": 2231, "class": "semiprime", "primes": [23, 97], "normalized": {"f1": 0.9121255675691038, "f2": 0.0712773899593228, "f3": 0.016597042471573356}, "balance": 1.566685899090715, "bit_gap": 2, "sig_geom": "e8864f62c67b76a43cfd7c9b774b1c9f94552567bca52bcc329606cbaf0755d9", "sig_invariant": "00cf62b55f0b90e0907ca61d08bb389573777232e0004638b1b3fb6a29a9e2ba"}