{"n": 21, "class": "semiprime", "primes": [3, 7], "normalized": {"f1": 0.7149789124038074, "f2": 0.1914653177030413, "f3": 0.09355576989315136}, "balance": 0.8728715609439696, "bit_gap": 1, "sig_geom": "eb59fa3c5a1f03dbc13490cf704678730ba7cca0c2dece598e3793c0eb2d989d", "sig_invariant": "6dfa3974b6980792e45558a8a981b41785a288aad6bd28c2ac3d8c30354e716a"}