{"n": 3630827189, "class": "semiprime", "primes": [11, 330075199], "normalized": {"f1": 0.9214585214889824, "f2": 0.07854147443746338, "f3": 4.07355423559016e-09}, "balance": 5477.849420413755, "bit_gap": 25, "sig_geom": "ee8f06b0e3c5166b20d7f1b39a8fe84348274b0bcce045ae150a8333b01c9198", "sig_invariant": "8f968ee693dda427065259609ab9048fd23f33a333e5b00a4bf981071ba178c2"}