{"n": 1599467, "class": "semiprime", "primes": [349, 4583], "normalized": {"f1": 0.9969146425696434, "f2": 0.002867153689207892, "f3": 0.00021820374114887853}, "balance": 3.347828572432077, "bit_gap": 4, "sig_geom": "f0708e817d4cc131057839e28b44ca4e463b79ad681c6f648354f8fd06be3d07", "sig_invariant": "6547056af1098e312ccc17b0105ae32bae2595469af7a0ef3476ead2a25d4ccc"}