{"n": 216223755823, "class": "semiprime", "primes": [294829, 733387], "normalized": {"f1": 0.9999954065802605, "f2": 3.2298859367281044e-06, "f3": 1.3635338026242889e-06}, "balance": 0.9431381973234846, "bit_gap": 1, "sig_geom": "f0f567af97e0c41299e63c7418bc741f678b0e250ea27298301bcc8d93963906", "sig_invariant": "8a150678999e881c4d56d6fb07fba2f56e1e07a89896e0187b804124f1a17fb7"}