{"n": 35876422359031, "class": "semiprime", "primes": [4506577, 7960903], "normalized": {"f1": 0.9999995818470127, "f2": 2.925370467430604e-07, "f3": 1.2561594053014267e-07}, "balance": 0.576711693569728, "bit_gap": 0, "sig_geom": "f3a00bd1814fd39c4e572c4a0bee0d5e754ad35d69bbc6528746879ec7a6301d", "sig_invariant": "57d0dca79249f6bf96fa39a5d607e2182ba5c5f54cdc703307af8b32fbb3e14b"}