{"n": 110844011, "class": "semiprime", "primes": [1847, 60013], "normalized": {"f1": 0.9994301793905557, "f2": 0.000552979030721596, "f3": 1.684157872273389e-05}, "balance": 5.5247557499464595, "bit_gap": 5, "sig_geom": "f61ec08dd0fad4b2be2f3e8f8c37b39ae613335bace9de8bc1d0d387d0a81aa8", "sig_invariant": "997a0114b4c37867459feccd5013abad59427d549a9c172769bc52aede155008"}