{"n": 679, "class": "semiprime", "primes": [7, 97], "normalized": {"f1": 0.8144779879637845, "f2": 0.17594955593011385, "f3": 0.009572456106101598}, "balance": 3.453883004040013, "bit_gap": 4, "sig_geom": "fd80996f5c7305ee676d9c64d39046c42970baa825dcf938efd5deef48099162", "sig_invariant": "e287f177756dea0f54f751a503bef549f193fb7947dbe62e87da79097bec5f32"}